className,Error,Info
ArgMorphBuilderTest,SANoUncovered,
BlockMorphTest,Unknown,
EventIdTest,SANoUncovered,
SBreedIdTest,SANoUncovered,
SEntryPointsTest,SANoUncovered,
SObserverVarDefTest,SANoUncovered,
SPatchVarDefTest,SANoUncovered,
SPluginWorldTest,SANoGreenTest,
SProgramTest,SANoUncovered,
STurtleVarDefTest,SANoUncovered,
STurtlesTest16To26,SAFlakyMutationTesting,
STurtlesTest1To15,SAFlakyMutationTesting,
ScratchBytecodeCallTest,SANoUncovered,
ScratchBytecodeGeneratorTest16To30,SAFlakyMutationTesting,
ScratchBytecodeGeneratorTest1To15,SAFlakyMutationTesting,
ScratchBytecodeGeneratorTest31To45,SAFlakyMutationTesting,
ScratchBytecodeGeneratorTest46To47,SAFlakyMutationTesting,
ScratchBytecodeLabelTest,SANoUncovered,
ScratchBytecodeSymbolTest,SANoUncovered,
ScratchBytecodeSymbolWithJumpTest,SANoUncovered,
ScratchNativeThreadTest1To15,SAFlakyMutationTesting,
ScratchNativeThreadTest31To45,SAFlakyMutationTesting,
ScratchNativeThreadTest46To60,SAFlakyMutationTesting,
ScratchPlotColorTest,SANoUncovered,
ScratchPlotDataTest,SANoUncovered,
ScratchPlotterMorphTest16To30,SAFlakyMutationTesting,
ScratchSexpExporterTest,SANoUncovered,
ScratchTranslatorTest,SANoUncovered,
SpSteloTest,SANoGreenTest,
SteloBytecodeGeneratorTest31To45,SAFlakyMutationTesting,
SteloLibCallTest,SANoGreenTest,
SteloNativeThreadTest31To45,SAFlakyMutationTesting,
SteloNativeThreadTest46To60,SAFlakyMutationTesting,
SteloNativeThreadTest61To75,SAFlakyMutationTesting,
SteloNativeThreadTest91To100,SAFlakyMutationTesting,
SteloProjectTest,SAFlakyMutationTesting,
VariablesTest16To27,SAFlakyMutationTesting,
VariablesTest1To15,SAFlakyMutationTesting,
